Date,Open,High,Low,Close,Volume,Is_Stale,Ticker
2025-01-02,70.0,70.0,70.0,70.0,0.0,1,AMAC
2025-01-03,70.0,70.0,70.0,70.0,0.0,1,AMAC
2025-01-06,70.0,70.0,70.0,70.0,0.0,1,AMAC
2025-01-07,70.0,70.0,70.0,70.0,0.0,1,AMAC
2025-01-08,70.0,70.0,70.0,70.0,0.0,1,AMAC
2025-01-09,70.0,70.0,70.0,70.0,0.0,1,AMAC
2025-01-10,70.0,70.0,70.0,70.0,0.0,1,AMAC
2025-01-13,70.0,70.0,70.0,70.0,0.0,1,AMAC
2025-01-14,70.0,70.0,70.0,70.0,0.0,1,AMAC
2025-01-15,70.0,70.0,70.0,70.0,0.0,1,AMAC
2025-01-16,70.0,70.0,70.0,70.0,0.0,1,AMAC
2025-01-17,70.0,70.0,70.0,70.0,0.0,1,AMAC
2025-01-20,70.0,70.0,70.0,70.0,0.0,1,AMAC
2025-01-21,70.0,70.0,70.0,70.0,0.0,1,AMAC
2025-01-22,70.0,70.0,70.0,70.0,0.0,1,AMAC
2025-01-23,70.0,70.0,70.0,70.0,0.0,1,AMAC
2025-01-24,70.0,70.0,70.0,70.0,100.0,1,AMAC
2025-01-27,70.0,70.0,70.0,70.0,0.0,1,AMAC
2025-01-28,70.0,70.0,70.0,70.0,0.0,1,AMAC
2025-01-29,70.0,70.0,70.0,70.0,0.0,1,AMAC
2025-01-30,70.0,70.0,63.0,63.0,200.0,0,AMAC
2025-01-31,63.0,63.0,63.0,63.0,0.0,0,AMAC
2025-01-31,63.0,56.75,56.75,56.75,200.0,1,AMAC
2025-02-03,56.75,56.75,56.75,56.75,0.0,1,AMAC
2025-02-03,63.0,63.0,63.0,63.0,0.0,0,AMAC
2025-02-04,56.75,56.75,56.75,56.75,100.0,1,AMAC
2025-02-04,63.0,63.0,63.0,63.0,0.0,0,AMAC
2025-02-05,56.75,56.75,56.75,56.75,0.0,1,AMAC
2025-02-05,63.0,63.0,63.0,63.0,0.0,0,AMAC
2025-02-06,56.75,56.75,56.75,56.75,0.0,1,AMAC
2025-02-06,63.0,63.0,63.0,63.0,0.0,0,AMAC
2025-02-07,63.0,63.0,63.0,63.0,0.0,0,AMAC
2025-02-07,56.75,56.75,56.75,56.75,0.0,1,AMAC
2025-02-10,56.75,56.75,51.5,52.0,1000.0,0,AMAC
2025-02-11,52.0,51.5,51.5,51.5,200.0,1,AMAC
2025-02-11,52.0,52.0,52.0,52.0,0.0,0,AMAC
2025-02-12,51.5,51.5,51.5,51.5,0.0,1,AMAC
2025-02-12,52.0,52.0,52.0,52.0,0.0,0,AMAC
2025-02-13,51.5,51.5,51.5,51.5,0.0,1,AMAC
2025-02-13,52.0,52.0,52.0,52.0,0.0,0,AMAC
2025-02-14,52.0,52.0,52.0,52.0,0.0,0,AMAC
2025-02-14,51.5,51.5,51.5,51.5,0.0,1,AMAC
2025-02-17,51.5,51.5,51.5,51.5,0.0,1,AMAC
2025-02-17,52.0,52.0,52.0,52.0,0.0,0,AMAC
2025-02-18,51.5,56.5,56.5,56.5,100.0,1,AMAC
2025-02-18,52.0,52.0,52.0,52.0,0.0,0,AMAC
2025-02-19,56.5,56.5,56.5,56.5,0.0,1,AMAC
2025-02-19,52.0,52.0,52.0,52.0,0.0,0,AMAC
2025-02-20,56.5,56.5,56.5,56.5,0.0,1,AMAC
2025-02-20,52.0,52.0,52.0,52.0,0.0,0,AMAC
2025-02-21,56.5,56.5,56.5,56.5,0.0,1,AMAC
2025-02-21,52.0,52.0,52.0,52.0,0.0,0,AMAC
2025-02-24,56.5,56.5,56.5,56.5,0.0,1,AMAC
2025-02-24,52.0,52.0,52.0,52.0,0.0,0,AMAC
2025-02-25,56.5,56.5,56.5,56.5,0.0,1,AMAC
2025-02-25,52.0,52.0,52.0,52.0,0.0,0,AMAC
2025-02-26,52.0,52.0,52.0,52.0,0.0,0,AMAC
2025-02-26,56.5,56.5,56.5,56.5,0.0,1,AMAC
2025-02-27,56.5,56.5,56.5,56.5,0.0,1,AMAC
2025-02-27,52.0,52.0,52.0,52.0,0.0,0,AMAC
2025-02-28,52.0,52.0,52.0,52.0,0.0,0,AMAC
2025-02-28,56.5,56.5,56.5,56.5,0.0,1,AMAC
2025-03-03,56.5,56.5,56.5,56.5,0.0,1,AMAC
2025-03-03,52.0,52.0,52.0,52.0,0.0,0,AMAC
2025-03-04,56.5,56.5,56.5,56.5,0.0,1,AMAC
2025-03-04,52.0,52.0,52.0,52.0,0.0,0,AMAC
2025-03-05,52.0,52.0,52.0,52.0,0.0,0,AMAC
2025-03-05,56.5,56.5,56.5,56.5,0.0,1,AMAC
2025-03-06,52.0,52.0,52.0,52.0,0.0,0,AMAC
2025-03-06,56.5,56.5,56.5,56.5,600.0,1,AMAC
2025-03-07,56.5,56.5,56.5,56.5,0.0,1,AMAC
2025-03-07,52.0,52.0,52.0,52.0,0.0,0,AMAC
2025-03-10,52.0,52.0,52.0,52.0,0.0,0,AMAC
2025-03-10,56.5,51.0,51.0,51.0,400.0,1,AMAC
2025-03-11,51.0,51.0,51.0,51.0,0.0,1,AMAC
2025-03-11,52.0,52.0,52.0,52.0,0.0,0,AMAC
2025-03-12,51.0,51.0,51.0,51.0,0.0,1,AMAC
2025-03-12,52.0,52.0,52.0,52.0,0.0,0,AMAC
2025-03-13,52.0,52.0,52.0,52.0,0.0,0,AMAC
2025-03-13,51.0,51.0,51.0,51.0,0.0,1,AMAC
2025-03-14,52.0,52.0,52.0,52.0,0.0,0,AMAC
2025-03-14,51.0,51.0,51.0,51.0,0.0,1,AMAC
2025-03-17,52.0,52.0,52.0,52.0,0.0,0,AMAC
2025-03-17,51.0,51.0,51.0,51.0,0.0,1,AMAC
2025-03-18,51.0,51.0,51.0,51.0,0.0,1,AMAC
2025-03-18,52.0,52.0,52.0,52.0,0.0,0,AMAC
2025-03-19,52.0,52.0,52.0,52.0,0.0,0,AMAC
2025-03-19,51.0,51.0,51.0,51.0,0.0,1,AMAC
2025-03-20,52.0,52.0,52.0,52.0,0.0,0,AMAC
2025-03-20,51.0,51.0,51.0,51.0,0.0,1,AMAC
2025-03-21,52.0,52.0,52.0,52.0,0.0,0,AMAC
2025-03-21,51.0,51.0,51.0,51.0,0.0,1,AMAC
2025-03-24,52.0,52.0,52.0,52.0,0.0,0,AMAC
2025-03-24,51.0,51.0,51.0,51.0,0.0,1,AMAC
2025-03-25,52.0,52.0,52.0,52.0,0.0,0,AMAC
2025-03-25,51.0,51.0,51.0,51.0,0.0,1,AMAC
2025-03-26,51.0,51.0,51.0,51.0,0.0,1,AMAC
2025-03-26,52.0,52.0,52.0,52.0,0.0,0,AMAC
2025-03-27,51.0,51.0,51.0,51.0,0.0,1,AMAC
2025-03-27,52.0,52.0,52.0,52.0,0.0,0,AMAC
2025-03-28,51.0,51.0,51.0,51.0,0.0,1,AMAC
2025-03-28,52.0,52.0,52.0,52.0,0.0,0,AMAC
2025-03-31,51.0,51.0,51.0,51.0,0.0,1,AMAC
2025-03-31,52.0,52.0,52.0,52.0,0.0,0,AMAC
2025-04-01,51.0,51.0,51.0,51.0,0.0,1,AMAC
2025-04-01,52.0,52.0,52.0,52.0,0.0,0,AMAC
2025-04-02,52.0,52.0,52.0,52.0,0.0,0,AMAC
2025-04-02,51.0,51.0,51.0,51.0,0.0,1,AMAC
2025-04-03,52.0,52.0,52.0,52.0,0.0,0,AMAC
2025-04-03,51.0,51.0,51.0,51.0,0.0,1,AMAC
2025-04-04,51.0,51.0,51.0,51.0,0.0,1,AMAC
2025-04-04,52.0,52.0,52.0,52.0,0.0,0,AMAC
2025-04-07,51.0,51.0,51.0,51.0,0.0,1,AMAC
2025-04-07,52.0,52.0,52.0,52.0,0.0,0,AMAC
2025-04-08,51.0,51.0,51.0,51.0,0.0,1,AMAC
2025-04-08,52.0,52.0,52.0,52.0,0.0,0,AMAC
2025-04-09,51.0,51.0,51.0,51.0,0.0,1,AMAC
2025-04-09,52.0,52.0,52.0,52.0,0.0,0,AMAC
2025-04-10,52.0,52.0,52.0,52.0,0.0,0,AMAC
2025-04-10,51.0,51.0,51.0,51.0,0.0,1,AMAC
2025-04-11,51.0,51.0,51.0,51.0,0.0,1,AMAC
2025-04-11,52.0,52.0,52.0,52.0,0.0,0,AMAC
2025-04-14,52.0,52.0,52.0,52.0,0.0,0,AMAC
2025-04-14,51.0,51.0,51.0,51.0,100.0,1,AMAC
2025-04-15,52.0,52.0,52.0,52.0,0.0,0,AMAC
2025-04-15,51.0,51.0,51.0,51.0,0.0,1,AMAC
2025-04-16,52.0,52.0,52.0,52.0,0.0,0,AMAC
2025-04-16,51.0,51.0,51.0,51.0,0.0,1,AMAC
2025-04-17,51.0,51.0,51.0,51.0,0.0,1,AMAC
2025-04-17,52.0,52.0,52.0,52.0,0.0,0,AMAC
2025-04-18,51.0,51.0,51.0,51.0,0.0,1,AMAC
2025-04-18,52.0,52.0,52.0,52.0,0.0,0,AMAC
2025-04-21,52.0,52.0,52.0,52.0,0.0,0,AMAC
2025-04-21,51.0,51.0,51.0,51.0,0.0,1,AMAC
2025-04-22,52.0,52.0,52.0,52.0,0.0,0,AMAC
2025-04-22,51.0,51.0,51.0,51.0,0.0,1,AMAC
2025-04-23,52.0,52.0,52.0,52.0,0.0,0,AMAC
2025-04-23,51.0,51.0,51.0,51.0,0.0,1,AMAC
2025-04-24,52.0,52.0,52.0,52.0,0.0,0,AMAC
2025-04-24,51.0,51.0,51.0,51.0,0.0,1,AMAC
2025-04-25,52.0,52.0,52.0,52.0,0.0,0,AMAC
2025-04-25,51.0,51.0,51.0,51.0,0.0,1,AMAC
2025-04-28,52.0,52.0,52.0,52.0,0.0,0,AMAC
2025-04-28,51.0,51.0,51.0,51.0,0.0,1,AMAC
2025-04-29,51.0,51.0,51.0,51.0,0.0,1,AMAC
2025-04-29,52.0,52.0,52.0,52.0,0.0,0,AMAC
2025-04-30,51.0,51.0,51.0,51.0,0.0,1,AMAC
2025-04-30,52.0,52.0,52.0,52.0,0.0,0,AMAC
2025-05-01,52.0,52.0,52.0,52.0,0.0,0,AMAC
2025-05-01,51.0,51.0,51.0,51.0,0.0,1,AMAC
2025-05-02,52.0,52.0,52.0,52.0,0.0,0,AMAC
2025-05-02,51.0,51.0,51.0,51.0,0.0,1,AMAC
2025-05-05,52.0,52.0,52.0,52.0,0.0,0,AMAC
2025-05-05,51.0,51.0,51.0,51.0,0.0,1,AMAC
2025-05-06,51.0,51.0,51.0,51.0,0.0,1,AMAC
2025-05-06,52.0,52.0,52.0,52.0,0.0,0,AMAC
2025-05-07,51.0,51.0,51.0,51.0,0.0,1,AMAC
2025-05-07,52.0,52.0,52.0,52.0,0.0,0,AMAC
2025-05-08,51.0,51.0,51.0,51.0,0.0,1,AMAC
2025-05-08,52.0,52.0,52.0,52.0,0.0,0,AMAC
2025-05-09,52.0,52.0,52.0,52.0,0.0,0,AMAC
2025-05-09,51.0,51.0,51.0,51.0,0.0,1,AMAC
2025-05-12,51.0,51.0,51.0,51.0,0.0,1,AMAC
2025-05-12,52.0,52.0,52.0,52.0,0.0,0,AMAC
2025-05-13,51.0,51.0,51.0,51.0,0.0,1,AMAC
2025-05-13,52.0,52.0,52.0,52.0,0.0,0,AMAC
2025-05-14,51.0,51.0,51.0,51.0,0.0,1,AMAC
2025-05-14,52.0,52.0,52.0,52.0,0.0,0,AMAC
2025-05-15,51.0,51.0,51.0,51.0,0.0,1,AMAC
2025-05-15,52.0,52.0,52.0,52.0,0.0,0,AMAC
2025-05-16,51.0,56.0,56.0,56.0,500.0,1,AMAC
2025-05-16,52.0,52.0,52.0,52.0,0.0,0,AMAC
2025-05-19,56.0,56.0,56.0,56.0,0.0,1,AMAC
2025-05-19,52.0,52.0,52.0,52.0,0.0,0,AMAC
2025-05-20,56.0,56.0,56.0,56.0,0.0,1,AMAC
2025-05-20,52.0,52.0,52.0,52.0,0.0,0,AMAC
2025-05-21,56.0,56.0,56.0,56.0,0.0,1,AMAC
2025-05-21,52.0,52.0,52.0,52.0,0.0,0,AMAC
2025-05-22,56.0,56.0,56.0,56.0,0.0,1,AMAC
2025-05-22,52.0,52.0,52.0,52.0,0.0,0,AMAC
2025-05-23,52.0,52.0,52.0,52.0,0.0,0,AMAC
2025-05-23,56.0,56.0,56.0,56.0,0.0,1,AMAC
2025-05-26,56.0,56.0,56.0,56.0,0.0,1,AMAC
2025-05-26,52.0,52.0,52.0,52.0,0.0,0,AMAC
2025-05-27,52.0,52.0,52.0,52.0,0.0,0,AMAC
2025-05-27,56.0,56.0,56.0,56.0,0.0,1,AMAC
2025-05-28,52.0,52.0,52.0,52.0,0.0,0,AMAC
2025-05-28,56.0,56.0,56.0,56.0,0.0,1,AMAC
2025-05-29,52.0,52.0,52.0,52.0,0.0,0,AMAC
2025-05-29,56.0,56.0,56.0,56.0,0.0,1,AMAC
2025-05-30,56.0,56.0,56.0,56.0,0.0,1,AMAC
2025-05-30,52.0,52.0,52.0,52.0,0.0,0,AMAC
2025-06-02,52.0,52.0,52.0,52.0,0.0,0,AMAC
2025-06-02,56.0,56.0,56.0,56.0,0.0,1,AMAC
2025-06-03,52.0,52.0,52.0,52.0,0.0,0,AMAC
2025-06-03,56.0,56.0,56.0,56.0,0.0,1,AMAC
2025-06-04,52.0,52.0,52.0,52.0,0.0,0,AMAC
2025-06-04,56.0,56.0,56.0,56.0,0.0,1,AMAC
2025-06-05,56.0,56.0,56.0,56.0,0.0,1,AMAC
2025-06-05,52.0,52.0,52.0,52.0,0.0,0,AMAC
2025-06-06,56.0,56.0,56.0,56.0,0.0,1,AMAC
2025-06-06,52.0,52.0,52.0,52.0,0.0,0,AMAC
2025-06-09,52.0,52.0,52.0,52.0,0.0,0,AMAC
2025-06-09,56.0,56.0,56.0,56.0,100.0,1,AMAC
2025-06-10,52.0,52.0,52.0,52.0,0.0,0,AMAC
2025-06-10,56.0,56.0,56.0,56.0,0.0,1,AMAC
2025-06-11,52.0,52.0,52.0,52.0,0.0,0,AMAC
2025-06-11,56.0,56.0,56.0,56.0,0.0,1,AMAC
2025-06-12,56.0,56.0,56.0,56.0,0.0,1,AMAC
2025-06-12,52.0,52.0,52.0,52.0,0.0,0,AMAC
2025-06-13,56.0,56.0,56.0,56.0,0.0,1,AMAC
2025-06-13,52.0,52.0,52.0,52.0,0.0,0,AMAC
2025-06-16,52.0,52.0,52.0,52.0,0.0,0,AMAC
2025-06-16,56.0,56.0,56.0,56.0,0.0,1,AMAC
2025-06-17,52.0,52.0,52.0,52.0,0.0,0,AMAC
2025-06-17,56.0,56.0,56.0,56.0,0.0,1,AMAC
2025-06-18,52.0,52.0,52.0,52.0,0.0,0,AMAC
2025-06-18,56.0,56.0,56.0,56.0,0.0,1,AMAC
2025-06-19,52.0,52.0,52.0,52.0,0.0,0,AMAC
2025-06-19,56.0,56.0,56.0,56.0,0.0,1,AMAC
2025-06-20,52.0,52.0,52.0,52.0,0.0,0,AMAC
2025-06-20,56.0,56.0,56.0,56.0,0.0,1,AMAC
2025-06-23,56.0,56.0,56.0,56.0,0.0,1,AMAC
2025-06-23,52.0,52.0,52.0,52.0,0.0,0,AMAC
2025-06-24,56.0,56.0,56.0,56.0,0.0,1,AMAC
2025-06-24,52.0,52.0,52.0,52.0,0.0,0,AMAC
2025-06-25,52.0,52.0,52.0,52.0,0.0,0,AMAC
2025-06-25,56.0,56.0,56.0,56.0,0.0,1,AMAC
2025-06-26,56.0,56.0,56.0,56.0,0.0,1,AMAC
2025-06-26,52.0,52.0,52.0,52.0,0.0,0,AMAC
2025-06-27,56.0,56.0,56.0,56.0,0.0,1,AMAC
2025-06-27,52.0,52.0,52.0,52.0,0.0,0,AMAC
2025-06-30,52.0,52.0,52.0,52.0,0.0,0,AMAC
2025-06-30,56.0,56.0,56.0,56.0,0.0,1,AMAC
2025-07-01,52.0,52.0,52.0,52.0,0.0,0,AMAC
2025-07-01,56.0,56.0,56.0,56.0,0.0,1,AMAC
2025-07-02,56.0,56.0,56.0,56.0,0.0,1,AMAC
2025-07-02,52.0,52.0,52.0,52.0,0.0,0,AMAC
2025-07-03,56.0,56.0,56.0,56.0,0.0,1,AMAC
2025-07-03,52.0,52.0,52.0,52.0,0.0,0,AMAC
2025-07-04,56.0,56.0,56.0,56.0,0.0,1,AMAC
2025-07-04,52.0,52.0,52.0,52.0,0.0,0,AMAC
2025-07-07,52.0,52.0,52.0,52.0,0.0,0,AMAC
2025-07-07,56.0,56.0,56.0,56.0,0.0,1,AMAC
2025-07-08,52.0,52.0,52.0,52.0,0.0,0,AMAC
2025-07-08,56.0,56.0,56.0,56.0,0.0,1,AMAC
2025-07-09,56.0,56.0,56.0,56.0,0.0,1,AMAC
2025-07-09,52.0,52.0,52.0,52.0,0.0,0,AMAC
2025-07-10,52.0,52.0,52.0,52.0,0.0,0,AMAC
2025-07-10,56.0,56.0,56.0,56.0,0.0,1,AMAC
2025-07-11,52.0,52.0,52.0,52.0,0.0,0,AMAC
2025-07-11,56.0,56.0,56.0,56.0,0.0,1,AMAC
2025-07-14,52.0,52.0,52.0,52.0,0.0,0,AMAC
2025-07-14,56.0,56.0,56.0,56.0,0.0,1,AMAC
2025-07-15,56.0,56.0,56.0,56.0,0.0,1,AMAC
2025-07-15,52.0,52.0,52.0,52.0,0.0,0,AMAC
2025-07-16,56.0,56.0,56.0,56.0,0.0,1,AMAC
2025-07-16,52.0,52.0,52.0,52.0,0.0,0,AMAC
2025-07-17,52.0,52.0,52.0,52.0,0.0,0,AMAC
2025-07-17,56.0,56.0,56.0,56.0,0.0,1,AMAC
2025-07-18,56.0,56.0,56.0,56.0,0.0,1,AMAC
2025-07-18,52.0,52.0,52.0,52.0,0.0,0,AMAC
2025-07-21,52.0,52.0,52.0,52.0,0.0,0,AMAC
2025-07-21,56.0,56.0,56.0,56.0,0.0,1,AMAC
2025-07-22,52.0,52.0,52.0,52.0,0.0,0,AMAC
2025-07-22,56.0,56.0,56.0,56.0,0.0,1,AMAC
2025-07-23,56.0,61.5,56.0,61.5,100.0,0,AMAC
2025-07-24,61.5,61.5,61.5,61.5,0.0,0,AMAC
2025-07-24,61.5,67.5,61.5,63.5,300.0,1,AMAC
2025-07-25,63.5,63.5,63.5,63.5,0.0,0,AMAC
2025-07-28,63.5,63.5,63.5,63.5,0.0,1,AMAC
2025-07-28,63.5,63.5,63.5,63.5,0.0,0,AMAC
2025-07-29,63.5,63.5,63.5,63.5,0.0,0,AMAC
2025-07-29,63.5,67.5,67.5,67.5,200.0,1,AMAC
2025-07-30,63.5,63.5,63.5,63.5,0.0,0,AMAC
2025-07-30,67.5,67.5,67.5,67.5,0.0,1,AMAC
2025-07-31,63.5,63.5,63.5,63.5,0.0,0,AMAC
2025-07-31,67.5,67.5,67.5,67.5,0.0,1,AMAC
2025-08-01,67.5,67.5,67.5,67.5,0.0,1,AMAC
2025-08-01,63.5,63.5,63.5,63.5,0.0,0,AMAC
2025-08-04,63.5,63.5,63.5,63.5,0.0,0,AMAC
2025-08-04,67.5,74.0,74.0,74.0,100.0,1,AMAC
2025-08-05,74.0,74.0,74.0,74.0,0.0,1,AMAC
2025-08-05,63.5,63.5,63.5,63.5,0.0,0,AMAC
2025-08-06,63.5,63.5,63.5,63.5,0.0,0,AMAC
2025-08-06,74.0,74.0,74.0,74.0,0.0,1,AMAC
2025-08-07,74.0,74.0,74.0,74.0,100.0,1,AMAC
2025-08-07,63.5,63.5,63.5,63.5,0.0,0,AMAC
2025-08-08,63.5,63.5,63.5,63.5,0.0,0,AMAC
2025-08-08,74.0,74.0,74.0,74.0,105.0,1,AMAC
2025-08-11,63.5,63.5,63.5,63.5,0.0,0,AMAC
2025-08-11,74.0,74.0,74.0,74.0,100.0,1,AMAC
2025-08-12,74.0,74.0,74.0,74.0,0.0,1,AMAC
2025-08-12,63.5,63.5,63.5,63.5,0.0,0,AMAC
2025-08-13,74.0,74.0,74.0,74.0,0.0,1,AMAC
2025-08-13,63.5,63.5,63.5,63.5,0.0,0,AMAC
2025-08-14,74.0,74.0,74.0,74.0,0.0,1,AMAC
2025-08-14,63.5,63.5,63.5,63.5,0.0,0,AMAC
2025-08-15,63.5,63.5,63.5,63.5,0.0,0,AMAC
2025-08-15,74.0,74.0,74.0,74.0,0.0,1,AMAC
2025-08-18,74.0,74.0,74.0,74.0,0.0,1,AMAC
2025-08-18,63.5,63.5,63.5,63.5,0.0,0,AMAC
2025-08-19,74.0,74.0,74.0,74.0,0.0,1,AMAC
2025-08-19,63.5,63.5,63.5,63.5,0.0,0,AMAC
2025-08-20,74.0,80.0,80.0,80.0,100.0,1,AMAC
2025-08-20,63.5,63.5,63.5,63.5,0.0,0,AMAC
2025-08-21,63.5,63.5,63.5,63.5,0.0,0,AMAC
2025-08-21,80.0,80.0,80.0,80.0,158.0,1,AMAC
2025-08-22,80.0,80.0,80.0,80.0,237.0,1,AMAC
2025-08-22,63.5,63.5,63.5,63.5,0.0,0,AMAC
2025-08-25,80.0,80.0,80.0,80.0,0.0,1,AMAC
2025-08-25,63.5,63.5,63.5,63.5,0.0,0,AMAC
2025-08-26,80.0,80.0,80.0,80.0,0.0,1,AMAC
2025-08-26,63.5,63.5,63.5,63.5,0.0,0,AMAC
2025-08-27,63.5,63.5,63.5,63.5,0.0,0,AMAC
2025-08-27,80.0,80.0,80.0,80.0,0.0,1,AMAC
2025-08-28,63.5,63.5,63.5,63.5,0.0,0,AMAC
2025-08-28,80.0,72.0,72.0,72.0,100.0,1,AMAC
2025-08-29,63.5,63.5,63.5,63.5,0.0,0,AMAC
2025-08-29,72.0,72.0,72.0,72.0,0.0,1,AMAC
2025-09-01,63.5,63.5,63.5,63.5,0.0,0,AMAC
2025-09-01,72.0,72.0,72.0,72.0,10.0,1,AMAC
2025-09-02,63.5,63.5,63.5,63.5,0.0,0,AMAC
2025-09-02,72.0,72.0,72.0,72.0,0.0,1,AMAC
2025-09-03,72.0,72.0,68.0,68.0,4.0,0,AMAC
2025-09-04,68.0,68.0,68.0,68.0,0.0,0,AMAC
2025-09-04,68.0,72.0,72.0,72.0,0.0,1,AMAC
2025-09-05,68.0,68.0,68.0,68.0,0.0,0,AMAC
2025-09-05,72.0,72.0,72.0,72.0,0.0,1,AMAC
2025-09-08,68.0,68.0,68.0,68.0,0.0,0,AMAC
2025-09-08,72.0,72.0,72.0,72.0,0.0,1,AMAC
2025-09-09,68.0,68.0,68.0,68.0,0.0,0,AMAC
2025-09-09,72.0,72.0,72.0,72.0,0.0,1,AMAC
2025-09-10,72.0,72.0,72.0,72.0,0.0,1,AMAC
2025-09-10,68.0,68.0,68.0,68.0,0.0,0,AMAC
2025-09-11,68.0,68.0,68.0,68.0,0.0,0,AMAC
2025-09-11,72.0,72.0,72.0,72.0,0.0,1,AMAC
2025-09-12,68.0,68.0,68.0,68.0,0.0,0,AMAC
2025-09-12,72.0,72.0,72.0,72.0,0.0,1,AMAC
2025-09-15,72.0,72.0,72.0,72.0,0.0,1,AMAC
2025-09-15,68.0,68.0,68.0,68.0,0.0,0,AMAC
2025-09-16,72.0,72.0,72.0,72.0,6.0,1,AMAC
2025-09-16,68.0,68.0,68.0,68.0,0.0,0,AMAC
2025-09-17,72.0,65.0,65.0,65.0,1084.0,1,AMAC
2025-09-17,68.0,68.0,68.0,68.0,0.0,0,AMAC
2025-09-18,68.0,68.0,68.0,68.0,0.0,0,AMAC
2025-09-18,65.0,65.0,65.0,65.0,0.0,1,AMAC
2025-09-19,68.0,68.0,68.0,68.0,0.0,0,AMAC
2025-09-19,65.0,65.0,65.0,65.0,1.0,1,AMAC
2025-09-22,65.0,65.0,65.0,65.0,0.0,1,AMAC
2025-09-22,68.0,68.0,68.0,68.0,0.0,0,AMAC
2025-09-23,68.0,68.0,68.0,68.0,0.0,0,AMAC
2025-09-23,65.0,65.0,65.0,65.0,0.0,1,AMAC
2025-09-24,65.0,65.0,65.0,65.0,0.0,1,AMAC
2025-09-24,68.0,68.0,68.0,68.0,0.0,0,AMAC
2025-09-25,68.0,68.0,68.0,68.0,0.0,0,AMAC
2025-09-25,65.0,65.0,65.0,65.0,0.0,1,AMAC
2025-09-26,65.0,65.0,65.0,65.0,0.0,1,AMAC
2025-09-26,68.0,68.0,68.0,68.0,0.0,0,AMAC
2025-09-29,68.0,68.0,68.0,68.0,0.0,0,AMAC
2025-09-29,65.0,65.0,65.0,65.0,0.0,1,AMAC
2025-09-30,68.0,68.0,68.0,68.0,0.0,0,AMAC
2025-09-30,65.0,65.0,65.0,65.0,0.0,1,AMAC
2025-10-01,68.0,68.0,68.0,68.0,0.0,0,AMAC
2025-10-01,65.0,65.0,65.0,65.0,0.0,1,AMAC
2025-10-02,68.0,68.0,68.0,68.0,0.0,0,AMAC
2025-10-02,65.0,65.0,65.0,65.0,0.0,1,AMAC
2025-10-03,65.0,65.0,65.0,65.0,0.0,1,AMAC
2025-10-03,68.0,68.0,68.0,68.0,0.0,0,AMAC
2025-10-06,65.0,65.0,65.0,65.0,0.0,1,AMAC
2025-10-06,68.0,68.0,68.0,68.0,0.0,0,AMAC
2025-10-07,68.0,68.0,68.0,68.0,0.0,0,AMAC
2025-10-07,65.0,65.0,65.0,65.0,0.0,1,AMAC
2025-10-08,68.0,68.0,68.0,68.0,0.0,0,AMAC
2025-10-08,65.0,65.0,65.0,65.0,0.0,1,AMAC
2025-10-09,68.0,68.0,68.0,68.0,0.0,0,AMAC
2025-10-09,65.0,65.0,65.0,65.0,0.0,1,AMAC
2025-10-10,68.0,68.0,68.0,68.0,0.0,0,AMAC
2025-10-10,65.0,65.0,65.0,65.0,0.0,1,AMAC
2025-10-13,68.0,68.0,68.0,68.0,0.0,0,AMAC
2025-10-13,65.0,65.0,65.0,65.0,0.0,1,AMAC
2025-10-14,65.0,65.0,65.0,65.0,0.0,1,AMAC
2025-10-14,68.0,68.0,68.0,68.0,0.0,0,AMAC
2025-10-15,68.0,68.0,68.0,68.0,0.0,0,AMAC
2025-10-15,65.0,65.0,65.0,65.0,0.0,1,AMAC
2025-10-16,65.0,65.0,65.0,65.0,0.0,1,AMAC
2025-10-16,68.0,68.0,68.0,68.0,0.0,0,AMAC
2025-10-17,68.0,68.0,68.0,68.0,0.0,0,AMAC
2025-10-17,65.0,65.0,65.0,65.0,0.0,1,AMAC
2025-10-20,65.0,65.0,65.0,65.0,0.0,1,AMAC
2025-10-20,68.0,68.0,68.0,68.0,0.0,0,AMAC
2025-10-21,65.0,65.0,65.0,65.0,0.0,1,AMAC
2025-10-21,68.0,68.0,68.0,68.0,0.0,0,AMAC
2025-10-22,65.0,65.0,65.0,65.0,0.0,1,AMAC
2025-10-22,68.0,68.0,68.0,68.0,0.0,0,AMAC
2025-10-23,65.0,70.0,65.0,70.0,7.0,0,AMAC
2025-10-24,70.0,70.0,65.0,65.0,0.0,0,AMAC
2025-10-27,65.0,70.0,65.0,70.0,2.0,0,AMAC
2025-10-28,70.0,70.0,70.0,70.0,20.0,0,AMAC
2025-10-29,70.0,70.0,58.5,58.5,8.0,0,AMAC
2025-10-30,58.5,71.5,58.5,70.25,57.0,0,AMAC
2025-10-31,70.25,70.25,70.25,70.25,0.0,0,AMAC
2025-10-31,70.25,71.5,58.75,59.75,226.0,1,AMAC
2025-11-03,70.25,70.25,70.25,70.25,0.0,0,AMAC
2025-11-03,70.25,71.5,58.75,59.75,226.0,1,AMAC
2025-11-04,70.25,70.25,70.25,70.25,0.0,0,AMAC
2025-11-04,70.25,71.5,58.75,59.75,226.0,1,AMAC
2025-11-05,70.25,71.5,58.75,59.75,226.0,1,AMAC
2025-11-05,70.25,70.25,70.25,70.25,0.0,0,AMAC
2025-11-06,70.25,71.5,58.75,59.75,226.0,1,AMAC
2025-11-06,70.25,70.25,70.25,70.25,0.0,0,AMAC
2025-11-07,70.25,71.5,58.75,59.75,226.0,1,AMAC
2025-11-07,70.25,70.25,70.25,70.25,0.0,0,AMAC
2025-11-10,70.25,71.5,58.75,59.75,226.0,1,AMAC
2025-11-10,70.25,70.25,70.25,70.25,0.0,0,AMAC
2025-11-11,70.25,70.25,70.25,70.25,0.0,0,AMAC
2025-11-11,70.25,71.5,58.75,59.75,226.0,1,AMAC
2025-11-12,70.25,70.25,70.25,70.25,0.0,0,AMAC
2025-11-12,70.25,71.5,58.75,59.75,226.0,1,AMAC
2025-11-13,70.25,70.25,70.25,70.25,0.0,0,AMAC
2025-11-13,70.25,71.5,58.75,59.75,226.0,1,AMAC
2025-11-14,70.25,70.25,70.25,70.25,0.0,0,AMAC
2025-11-14,70.25,71.5,58.75,59.75,226.0,1,AMAC
2025-11-17,70.25,71.5,58.75,59.75,226.0,1,AMAC
2025-11-17,70.25,70.25,70.25,70.25,0.0,0,AMAC
2025-11-18,70.25,70.25,70.25,70.25,0.0,0,AMAC
2025-11-18,70.25,71.5,58.75,59.75,226.0,1,AMAC
2025-11-19,70.25,71.5,58.75,59.75,226.0,1,AMAC
2025-11-19,70.25,70.25,70.25,70.25,0.0,0,AMAC
2025-11-20,70.25,70.25,70.25,70.25,0.0,0,AMAC
2025-11-20,70.25,71.5,58.75,59.75,226.0,1,AMAC
2025-11-21,70.25,71.5,58.75,59.75,226.0,1,AMAC
2025-11-21,70.25,70.25,70.25,70.25,0.0,0,AMAC
2025-11-24,70.25,71.5,58.75,59.75,226.0,1,AMAC
2025-11-24,70.25,70.25,70.25,70.25,0.0,0,AMAC
2025-11-25,70.25,70.25,70.25,70.25,0.0,0,AMAC
2025-11-25,70.25,71.5,58.75,59.75,226.0,1,AMAC
2025-11-26,70.25,70.25,70.25,70.25,0.0,0,AMAC
2025-11-26,70.25,71.5,58.75,59.75,226.0,1,AMAC
2025-11-27,70.25,71.5,58.75,59.75,226.0,1,AMAC
2025-11-27,70.25,70.25,70.25,70.25,0.0,0,AMAC
2025-11-28,70.25,71.5,58.75,59.75,226.0,1,AMAC
2025-11-28,70.25,70.25,70.25,70.25,0.0,0,AMAC
2025-12-01,70.25,70.25,70.25,70.25,0.0,0,AMAC
2025-12-01,70.25,71.5,58.75,59.75,226.0,1,AMAC
2025-12-02,70.25,71.5,58.75,59.75,226.0,1,AMAC
2025-12-02,70.25,70.25,70.25,70.25,0.0,0,AMAC
2025-12-03,70.25,71.5,58.75,59.75,226.0,1,AMAC
2025-12-03,70.25,70.25,70.25,70.25,0.0,0,AMAC
2025-12-04,70.25,70.25,70.25,70.25,0.0,0,AMAC
2025-12-04,70.25,71.5,58.75,59.75,226.0,1,AMAC
2025-12-05,70.25,71.5,58.75,59.75,226.0,1,AMAC
2025-12-05,70.25,70.25,70.25,70.25,0.0,0,AMAC
2025-12-08,70.25,71.5,58.75,59.75,226.0,1,AMAC
2025-12-08,70.25,70.25,70.25,70.25,0.0,0,AMAC
2025-12-09,70.25,71.5,58.75,59.75,226.0,1,AMAC
2025-12-09,70.25,70.25,70.25,70.25,0.0,0,AMAC
2025-12-10,70.25,70.25,70.25,70.25,0.0,0,AMAC
2025-12-10,70.25,71.5,58.75,59.75,226.0,1,AMAC
2025-12-11,70.25,70.25,70.25,70.25,0.0,0,AMAC
2025-12-11,70.25,71.5,58.75,59.75,226.0,1,AMAC
2025-12-12,70.25,70.25,70.25,70.25,0.0,0,AMAC
2025-12-12,70.25,71.5,58.75,59.75,226.0,1,AMAC
2025-12-15,70.25,70.25,70.25,70.25,0.0,0,AMAC
2025-12-15,70.25,71.5,58.75,59.75,226.0,1,AMAC
2025-12-16,70.25,71.5,58.75,59.75,226.0,1,AMAC
2025-12-16,70.25,70.25,70.25,70.25,0.0,0,AMAC
2025-12-17,70.25,70.25,70.25,70.25,0.0,0,AMAC
2025-12-17,70.25,71.5,58.75,59.75,226.0,1,AMAC
2025-12-18,70.25,71.5,58.75,59.75,226.0,1,AMAC
2025-12-18,70.25,70.25,70.25,70.25,0.0,0,AMAC
2025-12-19,70.25,70.25,70.25,70.25,0.0,0,AMAC
2025-12-19,70.25,71.5,58.75,59.75,226.0,1,AMAC
2025-12-22,70.25,71.5,58.75,59.75,226.0,1,AMAC
2025-12-22,70.25,70.25,70.25,70.25,0.0,0,AMAC
2025-12-23,70.25,71.5,58.75,59.75,226.0,1,AMAC
2025-12-23,70.25,70.25,70.25,70.25,0.0,0,AMAC
2025-12-24,70.25,71.5,58.75,59.75,226.0,1,AMAC
2025-12-24,70.25,70.25,70.25,70.25,0.0,0,AMAC
2025-12-25,70.25,70.25,70.25,70.25,0.0,0,AMAC
2025-12-25,70.25,71.5,58.75,59.75,226.0,1,AMAC
2025-12-26,70.25,70.25,70.25,70.25,0.0,0,AMAC
2025-12-26,70.25,71.5,58.75,59.75,226.0,1,AMAC
2025-12-29,70.25,71.5,58.75,59.75,226.0,1,AMAC
2025-12-29,70.25,70.25,70.25,70.25,0.0,0,AMAC
2025-12-30,70.25,70.25,70.25,70.25,0.0,0,AMAC
2025-12-30,70.25,71.5,58.75,59.75,226.0,1,AMAC
2025-12-31,70.25,71.5,58.75,59.75,226.0,1,AMAC
2025-12-31,70.25,70.25,70.25,70.25,0.0,0,AMAC
2026-01-01,70.25,71.5,58.75,59.75,226.0,1,AMAC
2026-01-01,70.25,70.25,70.25,70.25,0.0,1,AMAC
2026-01-02,70.25,71.5,58.75,59.75,226.0,1,AMAC
2026-01-02,70.25,70.25,70.25,70.25,0.0,0,AMAC
2026-01-05,70.5,70.5,63.5,70.5,226.0,0,AMAC
2026-01-06,70.5,70.5,63.5,70.5,226.0,0,AMAC
2026-01-07,70.5,70.5,63.5,70.5,85.0,0,AMAC
2026-01-08,70.5,70.5,70.5,70.5,0.0,0,AMAC
2026-01-08,117.75,111.75,105.0,111.25,85.0,1,AMAC
2026-01-09,70.5,70.5,63.5,70.5,85.0,0,AMAC
2026-01-12,70.5,70.5,63.5,70.5,85.0,0,AMAC
2026-01-13,117.75,111.75,105.0,111.25,85.0,1,AMAC
2026-01-13,70.5,70.5,70.5,70.5,0.0,0,AMAC
2026-01-14,111.25,75.5,70.5,70.5,30.0,1,AMAC
2026-01-14,70.5,70.5,70.5,70.5,0.0,0,AMAC
2026-01-15,70.5,70.5,70.5,70.5,0.0,0,AMAC
2026-01-15,70.5,75.0,63.5,70.5,53.0,1,AMAC
2026-01-16,70.5,70.5,70.5,70.5,0.0,0,AMAC
2026-01-16,70.5,75.0,63.5,70.5,53.0,1,AMAC
2026-01-19,70.5,75.0,63.5,70.5,53.0,1,AMAC
2026-01-19,70.5,70.5,70.5,70.5,0.0,0,AMAC
2026-01-20,70.5,75.0,63.5,70.5,53.0,1,AMAC
2026-01-20,70.5,70.5,70.5,70.5,0.0,0,AMAC
2026-01-21,70.5,70.5,70.5,70.5,0.0,0,AMAC
2026-01-21,70.5,75.0,63.5,70.5,53.0,1,AMAC
2026-01-22,70.5,70.5,70.5,70.5,0.0,0,AMAC
2026-01-22,70.5,75.0,63.5,70.5,53.0,1,AMAC
2026-01-23,70.5,75.0,63.5,70.5,53.0,1,AMAC
2026-01-23,70.5,70.5,70.5,70.5,0.0,0,AMAC
2026-01-26,70.5,70.5,70.5,70.5,0.0,0,AMAC
2026-01-26,70.5,77.5,77.0,77.5,101.0,1,AMAC
2026-01-27,77.5,77.5,75.0,77.5,12.0,1,AMAC
2026-01-27,70.5,70.5,70.5,70.5,0.0,0,AMAC
2026-01-28,77.5,77.5,75.0,77.5,12.0,1,AMAC
2026-01-28,70.5,70.5,70.5,70.5,0.0,0,AMAC
2026-01-29,70.5,70.5,70.5,70.5,0.0,0,AMAC
2026-01-29,77.5,77.5,75.0,77.5,12.0,1,AMAC
2026-01-30,77.5,77.5,75.0,77.5,12.0,1,AMAC
2026-01-30,70.5,70.5,70.5,70.5,0.0,0,AMAC
2026-02-02,77.5,77.5,75.0,77.5,12.0,1,AMAC
2026-02-02,70.5,70.5,70.5,70.5,0.0,0,AMAC
2026-02-03,70.5,70.5,70.5,70.5,0.0,0,AMAC
2026-02-03,77.5,77.5,75.0,77.5,12.0,1,AMAC
2026-02-04,85.25,85.25,85.0,85.25,12.0,0,AMAC
2026-02-05,93.75,93.75,93.0,93.75,12.0,0,AMAC
2026-02-06,93.75,93.75,93.75,93.75,0.0,0,AMAC
2026-02-06,77.5,77.5,75.0,77.5,12.0,1,AMAC
2026-02-09,93.75,93.75,93.75,93.75,0.0,0,AMAC
2026-02-09,77.5,77.5,75.0,77.5,12.0,1,AMAC
2026-02-10,99.75,101.0,93.5,99.75,12.0,0,AMAC
2026-02-11,98.75,100.0,95.0,98.75,12.0,0,AMAC
2026-02-12,98.75,98.75,98.75,98.75,0.0,0,AMAC
2026-02-12,77.5,77.5,75.0,77.5,12.0,1,AMAC
2026-02-13,98.75,98.75,98.75,98.75,0.0,0,AMAC
2026-02-13,77.5,77.5,75.0,77.5,12.0,1,AMAC
2026-02-16,77.5,77.5,75.0,77.5,12.0,1,AMAC
2026-02-16,98.75,98.75,98.75,98.75,0.0,0,AMAC
2026-02-17,98.75,98.75,98.75,98.75,0.0,0,AMAC
2026-02-17,77.5,77.5,75.0,77.5,12.0,1,AMAC
2026-02-18,98.75,98.75,98.75,98.75,0.0,0,AMAC
2026-02-18,77.5,77.5,75.0,77.5,12.0,1,AMAC
2026-02-19,98.75,98.75,98.75,98.75,0.0,0,AMAC
2026-02-19,77.5,77.5,75.0,77.5,12.0,1,AMAC
2026-02-20,77.5,77.5,75.0,77.5,12.0,1,AMAC
2026-02-20,98.75,98.75,98.75,98.75,0.0,0,AMAC
2026-02-23,98.75,98.75,98.75,98.75,0.0,0,AMAC
2026-02-23,77.5,77.5,75.0,77.5,12.0,1,AMAC
2026-02-24,77.5,77.5,75.0,77.5,12.0,1,AMAC
2026-02-24,98.75,98.75,98.75,98.75,0.0,0,AMAC
2026-02-25,98.75,98.75,98.75,98.75,0.0,0,AMAC
2026-02-25,77.5,77.5,75.0,77.5,12.0,1,AMAC
2026-02-26,77.5,77.5,75.0,77.5,12.0,1,AMAC
2026-02-26,98.75,98.75,98.75,98.75,0.0,0,AMAC
2026-02-27,77.5,100.0,90.0,97.75,313.0,1,AMAC
2026-02-27,98.75,98.75,98.75,98.75,0.0,0,AMAC
2026-03-02,77.5,100.0,90.0,97.75,313.0,1,AMAC
2026-03-02,98.75,98.75,98.75,98.75,0.0,0,AMAC
2026-03-03,77.5,100.0,90.0,97.75,313.0,1,AMAC
2026-03-03,98.75,98.75,98.75,98.75,0.0,0,AMAC
2026-03-04,77.5,100.0,90.0,97.75,313.0,1,AMAC
2026-03-04,98.75,98.75,98.75,98.75,0.0,0,AMAC
2026-03-05,77.5,100.0,90.0,97.75,313.0,1,AMAC
2026-03-05,98.75,98.75,98.75,98.75,0.0,0,AMAC
2026-03-06,98.75,98.75,98.75,98.75,0.0,0,AMAC
2026-03-06,77.5,100.0,90.0,97.75,313.0,1,AMAC
2026-03-09,77.5,100.0,90.0,97.75,313.0,1,AMAC
2026-03-09,98.75,98.75,98.75,98.75,0.0,0,AMAC
2026-03-10,77.5,100.0,90.0,97.75,313.0,1,AMAC
2026-03-10,98.75,98.75,98.75,98.75,0.0,0,AMAC
2026-03-11,107.5,111.0,102.0,107.5,313.0,0,AMAC
2026-03-12,117.25,117.25,107.0,117.25,313.0,0,AMAC
2026-03-13,97.75,118.0,97.75,117.25,839.0,0,AMAC
2026-03-16,117.25,118.0,107.0,116.0,667.0,0,AMAC
2026-03-17,116.0,116.0,107.0,110.25,205.0,0,AMAC
2026-03-18,110.25,116.0,112.0,115.75,769.0,1,AMAC
2026-03-18,110.25,110.25,110.25,110.25,0.0,0,AMAC
2026-03-19,110.25,116.0,112.0,115.75,769.0,1,AMAC
2026-03-19,110.25,110.25,110.25,110.25,0.0,0,AMAC
2026-03-20,110.25,110.25,110.25,110.25,0.0,0,AMAC
2026-03-20,110.25,116.0,112.0,115.75,769.0,1,AMAC
2026-03-23,110.25,116.0,112.0,115.75,769.0,1,AMAC
2026-03-23,110.25,110.25,110.25,110.25,0.0,0,AMAC
2026-03-24,110.25,110.25,110.25,110.25,0.0,0,AMAC
2026-03-24,115.75,118.0,107.5,112.75,586.0,1,AMAC
2026-03-25,115.75,118.0,107.5,112.75,586.0,1,AMAC
2026-03-25,110.25,110.25,110.25,110.25,0.0,0,AMAC
2026-03-26,110.25,110.25,110.25,110.25,0.0,0,AMAC
2026-03-26,115.75,118.0,107.5,112.75,586.0,1,AMAC
2026-03-27,112.75,118.0,102.75,108.0,159.0,0,AMAC
2026-03-30,108.0,108.0,108.0,108.0,0.0,0,AMAC
2026-03-30,108.0,118.0,110.0,117.75,2729.0,1,AMAC
2026-03-31,117.75,117.75,106.0,117.75,78.0,0,AMAC
2026-04-01,117.75,117.75,106.0,117.75,78.0,1,AMAC
2026-04-01,117.75,117.75,117.75,117.75,0.0,0,AMAC
2026-04-02,117.75,117.75,117.75,117.75,0.0,0,AMAC
2026-04-02,117.75,85.25,85.0,85.25,239.0,1,AMAC
2026-04-03,117.75,117.75,117.75,117.75,0.0,1,AMAC
2026-04-03,117.75,85.25,85.0,85.25,239.0,1,AMAC
2026-04-06,117.75,117.75,117.75,117.75,0.0,1,AMAC
2026-04-06,117.75,85.25,85.0,85.25,239.0,1,AMAC
2026-04-07,117.75,85.25,85.0,85.25,239.0,1,AMAC
2026-04-07,117.75,117.75,117.75,117.75,0.0,0,AMAC
2026-04-08,116.75,118.0,112.0,116.75,239.0,0,AMAC
2026-04-09,113.5,118.0,108.0,113.5,239.0,0,AMAC
2026-04-10,113.5,118.0,110.0,113.5,239.0,0,AMAC
2026-04-13,113.5,113.5,113.5,113.5,0.0,0,AMAC
2026-04-13,117.75,85.25,85.0,85.25,239.0,1,AMAC
2026-04-14,113.5,113.5,113.5,113.5,0.0,0,AMAC
2026-04-14,117.75,85.25,85.0,85.25,239.0,1,AMAC
2026-04-15,113.5,113.5,113.5,113.5,0.0,0,AMAC
2026-04-15,117.75,85.25,85.0,85.25,239.0,1,AMAC
2026-04-16,85.25,125.0,85.25,118.5,514.0,0,AMAC
2026-04-17,118.5,119.0,110.75,118.5,49.0,0,AMAC
2026-04-20,118.5,118.5,118.5,118.5,0.0,0,AMAC
2026-04-20,118.5,118.5,110.75,117.75,325.0,1,AMAC
2026-04-21,118.5,118.5,118.5,118.5,0.0,0,AMAC
2026-04-21,118.5,118.5,110.75,117.75,325.0,1,AMAC
2026-04-22,118.5,118.5,118.5,118.5,0.0,0,AMAC
2026-04-22,118.5,118.5,110.75,117.75,325.0,1,AMAC
2026-04-23,118.5,118.5,118.5,118.5,0.0,0,AMAC
2026-04-23,118.5,118.5,110.75,117.75,325.0,1,AMAC
2026-04-24,118.5,118.5,118.5,118.5,0.0,0,AMAC
2026-04-24,117.75,117.0,110.75,116.75,823.0,1,AMAC
2026-04-27,118.5,118.5,118.5,118.5,0.0,0,AMAC
2026-04-27,116.75,116.75,112.0,116.75,42.0,1,AMAC
2026-04-28,118.5,118.5,118.5,118.5,0.0,0,AMAC
2026-04-28,116.75,116.75,112.0,116.75,42.0,1,AMAC
2026-04-29,116.75,116.75,112.0,116.75,42.0,1,AMAC
2026-04-29,118.5,118.5,118.5,118.5,0.0,0,AMAC
2026-04-30,116.75,118.9668,106.0,108.25,124.0,0,AMAC
2026-05-01,108.25,70.5,63.5,70.5,50.0,1,AMAC
2026-05-04,70.5,70.5,70.5,70.5,0.0,1,AMAC
2026-05-04,108.25,70.5,63.5,70.5,50.0,1,AMAC
2026-05-05,70.5,70.5,70.5,70.5,0.0,1,AMAC
2026-05-05,93.75,115.0,108.0,110.0,235.0,1,AMAC
2026-05-06,109.25,110.0,106.75,109.25,235.0,0,AMAC
2026-05-07,109.5,110.0,107.0,109.5,235.0,0,AMAC
2026-05-08,109.25,110.0,107.0,109.25,235.0,0,AMAC
2026-05-11,109.75,110.0,107.0,109.75,235.0,0,AMAC
2026-05-12,109.75,110.0,100.0,109.75,235.0,0,AMAC
2026-05-13,93.75,115.0,108.0,110.0,235.0,1,AMAC
2026-05-13,109.75,109.75,109.75,109.75,0.0,0,AMAC
2026-05-14,110.0,110.0,100.0,104.0,197.0,1,AMAC
2026-05-14,109.75,109.75,109.75,109.75,0.0,0,AMAC
2026-05-15,104.0,110.0,102.0,104.0,72.0,1,AMAC
2026-05-15,109.75,109.75,109.75,109.75,0.0,0,AMAC
2026-05-18,109.75,109.75,109.75,109.75,0.0,0,AMAC
2026-05-18,104.0,110.0,100.0,104.0,82.0,1,AMAC
2026-05-19,109.75,109.75,109.75,109.75,0.0,0,AMAC
2026-05-19,104.0,110.0,100.0,104.0,82.0,1,AMAC
2026-05-20,104.0,110.0,100.0,104.0,82.0,1,AMAC
2026-05-20,109.75,109.75,109.75,109.75,0.0,0,AMAC
2026-05-21,109.75,109.75,109.75,109.75,0.0,0,AMAC
2026-05-21,104.0,110.0,100.0,104.0,82.0,1,AMAC
2026-05-22,104.0,110.0,100.0,104.0,82.0,1,AMAC
2026-05-22,109.75,109.75,109.75,109.75,0.0,0,AMAC
2026-05-25,104.0,110.0,100.0,104.0,82.0,1,AMAC
2026-05-25,109.75,109.75,109.75,109.75,0.0,0,AMAC
2026-05-26,104.0,110.0,100.0,104.0,82.0,1,AMAC
2026-05-26,109.75,109.75,109.75,109.75,0.0,0,AMAC
2026-05-27,104.0,110.0,100.0,104.0,82.0,1,AMAC
2026-05-27,109.75,109.75,109.75,109.75,0.0,0,AMAC
2026-05-28,104.0,110.0,100.0,104.0,82.0,1,AMAC
2026-05-28,109.75,109.75,109.75,109.75,0.0,0,AMAC
2026-05-29,104.0,110.0,100.0,104.0,82.0,1,AMAC
2026-05-29,109.75,109.75,109.75,109.75,0.0,0,AMAC
2026-06-01,109.75,109.75,109.75,109.75,0.0,1,AMAC
2026-06-01,104.0,70.5,63.5,70.5,30.0,1,AMAC
2026-06-02,109.75,109.75,109.75,109.75,0.0,0,AMAC
2026-06-02,104.0,70.5,63.5,70.5,30.0,1,AMAC
2026-06-03,104.0,70.5,63.5,70.5,30.0,1,AMAC
2026-06-03,109.75,109.75,109.75,109.75,0.0,0,AMAC
2026-06-04,104.0,70.5,63.5,70.5,30.0,1,AMAC
2026-06-04,109.75,109.75,109.75,109.75,0.0,0,AMAC
2026-06-05,109.75,109.75,109.75,109.75,0.0,0,AMAC
2026-06-05,70.5,110.0,106.75,109.25,752.0,1,AMAC
2026-06-08,109.75,109.75,109.75,109.75,0.0,0,AMAC
2026-06-08,70.5,110.0,106.75,109.25,752.0,1,AMAC
2026-06-09,109.75,109.75,109.75,109.75,0.0,0,AMAC
2026-06-09,70.5,110.0,106.75,109.25,752.0,1,AMAC
2026-06-10,70.5,110.0,106.75,109.25,752.0,1,AMAC
2026-06-10,109.75,109.75,109.75,109.75,0.0,0,AMAC
2026-06-11,70.5,110.0,106.75,109.25,752.0,1,AMAC
2026-06-11,109.75,109.75,109.75,109.75,0.0,0,AMAC
2026-06-12,70.5,110.0,106.75,109.25,752.0,1,AMAC
2026-06-12,109.75,109.75,109.75,109.75,0.0,0,AMAC
2026-06-15,70.5,110.0,106.75,109.25,752.0,1,AMAC
2026-06-15,109.75,109.75,109.75,109.75,0.0,0,AMAC
2026-06-16,109.75,109.75,109.75,109.75,0.0,0,AMAC
2026-06-16,70.5,110.0,106.75,109.25,752.0,1,AMAC
2026-06-17,70.5,110.0,106.75,109.25,752.0,1,AMAC
2026-06-17,109.75,109.75,109.75,109.75,0.0,0,AMAC
2026-06-18,109.75,109.75,109.75,109.75,0.0,0,AMAC
2026-06-18,70.5,110.0,106.75,109.25,752.0,1,AMAC
2026-06-19,110.0,114.296,100.25,104.0,302.0,0,AMAC
2026-06-22,110.0,114.296,100.25,104.0,302.0,1,AMAC
2026-06-22,104.0,104.0,104.0,104.0,0.0,0,AMAC
2026-06-23,104.0,121.7142,101.0,110.75,429.0,0,AMAC
2026-06-24,110.75,112.0,108.25,110.75,44.0,0,AMAC
2026-06-25,10.75,109.5,106.0,10.75,6.0,1,AMAC
2026-06-26,1.25,175.0,106.0,1.25,509.0,1,AMAC
2026-06-29,1.25,1.25,1.25,1.25,0.0,1,AMAC
2026-06-29,107.5,175.0,106.0,125.0,509.0,1,AMAC
2026-06-30,1.25,1.25,1.25,1.25,0.0,1,AMAC
2026-06-30,107.5,175.0,106.0,125.0,509.0,1,AMAC
2026-07-01,111.25,111.75,105.0,111.25,20.0,1,AMAC
2026-07-02,111.25,111.25,111.25,111.25,0.0,1,AMAC
2026-07-02,125.0,70.5,63.5,70.5,20.0,1,AMAC
2026-07-03,111.25,111.25,111.25,111.25,0.0,1,AMAC
2026-07-03,125.0,70.5,63.5,70.5,20.0,1,AMAC
2026-07-06,110.0,121.0,109.0,110.0,20.0,1,AMAC
2026-07-07,109.5,121.0,102.0,110.5,326.0,1,AMAC
2026-07-07,110.0,110.0,110.0,110.0,0.0,1,AMAC
2026-07-08,109.5,121.0,102.0,110.5,326.0,1,AMAC
2026-07-08,110.0,110.0,110.0,110.0,0.0,1,AMAC
2026-07-09,110.0,110.0,110.0,110.0,0.0,1,AMAC
2026-07-09,109.5,121.0,102.0,110.5,326.0,1,AMAC
2026-07-10,110.0,110.0,110.0,110.0,0.0,1,AMAC
2026-07-10,109.5,121.0,102.0,110.5,326.0,1,AMAC
2026-07-13,110.0,110.0,110.0,110.0,0.0,1,AMAC
2026-07-13,109.5,121.0,102.0,110.5,326.0,1,AMAC
2026-07-14,110.0,110.0,110.0,110.0,0.0,1,AMAC
2026-07-14,109.5,121.0,102.0,110.5,326.0,1,AMAC
2026-07-15,110.0,110.0,110.0,110.0,0.0,1,AMAC
2026-07-15,109.5,121.0,102.0,110.5,326.0,1,AMAC
2026-07-16,110.0,110.0,110.0,110.0,0.0,1,AMAC
2026-07-16,109.5,121.0,102.0,110.5,326.0,1,AMAC
2026-07-17,110.5,113.0,105.0,111.5,164.0,0,AMAC
2026-07-20,111.5,111.5,111.5,111.5,0.0,0,AMAC
2026-07-21,107.0,116.0,5.0,107.0,317.0,0,AMAC
2026-07-22,107.0,115.0,5.0,107.0,76.0,0,AMAC
2026-07-23,110.0,124.75,5.0,110.0,233.0,0,AMAC
2026-07-24,110.0,110.0,110.0,110.0,0.0,0,AMAC
2026-07-27,107.0,120.0,50.0,107.0,67.0,0,AMAC
2026-07-28,115.0,118.0,50.0,115.0,762.0,0,AMAC
2026-07-29,118.5,121.0,113.25,118.5,348.0,0,AMAC
2026-07-30,116.0,120.0,50.0,116.0,233.0,0,AMAC
2026-07-31,107.0,120.0,50.0,107.0,775.0,0,AMAC
2026-08-03,127.5,129.0,120.0,127.5,244.0,0,AMAC
2026-08-04,115.5,900003.31,127.0,115.5,12750.0,0,AMAC
2026-08-05,124.0,900003.31,127.0,124.0,124.0,0,AMAC
2026-08-06,124.75,129.0,120.0,124.75,123.0,0,AMAC
2026-08-07,124.75,124.0,113.0,124.75,87.0,0,AMAC
2026-08-10,117.0,123.0,116.0,117.0,318.0,0,AMAC
2026-08-11,119.0,900003.31,127.0,119.0,117.0,0,AMAC
2026-08-12,124.25,130.0,120.0,124.25,221.0,0,AMAC
2026-08-13,124.25,128.0,120.0,124.25,62.0,0,AMAC
2026-08-14,125.25,127.0,123.5,125.25,414.0,0,AMAC
2026-08-17,129.25,130.0,122.0,129.25,537.0,0,AMAC
2026-08-18,124.5,140.0,122.5,124.5,551.0,0,AMAC
2026-08-19,124.0,134.0,120.0,124.0,493.0,0,AMAC
2026-08-20,129.75,130.0,126.0,129.75,516.0,0,AMAC
2026-08-21,140.0,140.0,129.0,140.0,202.0,0,AMAC
2026-08-24,149.0,154.0,140.0,149.0,1332.0,0,AMAC
2026-08-25,161.5,163.75,150.25,161.5,1385.0,0,AMAC
